"","id","item","answer"
"1","debugQAPTY0","gender","female"
"2","debugQAPTY0","age","33"
"3","debugQAPTY0","engagement","5"
"4","debugQAPTY0","difficulty","5"
"5","debugYDSVH7","gender","male"
"6","debugYDSVH7","age","60"
"7","debugYDSVH7","engagement","3"
"8","debugYDSVH7","difficulty","2"
"9","3TAYZSBPLMB1NE55LEM3TZBJ6DO2SP","gender","female"
"10","3TAYZSBPLMB1NE55LEM3TZBJ6DO2SP","age","23"
"11","3TAYZSBPLMB1NE55LEM3TZBJ6DO2SP","engagement","5"
"12","3TAYZSBPLMB1NE55LEM3TZBJ6DO2SP","difficulty","5"
"13","debugXAK67N","gender","male"
"14","debugXAK67N","age","33"
"15","debugXAK67N","engagement","5"
"16","debugXAK67N","difficulty","5"
"17","debug1WX68Y","gender","female"
"18","debug1WX68Y","age","12"
"19","debug1WX68Y","engagement","5"
"20","debug1WX68Y","difficulty","5"
"21","3WETL7AQWUBP2U3DDINY529SQJT353","gender","female"
"22","3WETL7AQWUBP2U3DDINY529SQJT353","age","35"
"23","3WETL7AQWUBP2U3DDINY529SQJT353","engagement","8"
"24","3WETL7AQWUBP2U3DDINY529SQJT353","difficulty","3"
"25","3L4D84MIL0VC31PXH5GWO2QYZEGHJV","gender","male"
"26","3L4D84MIL0VC31PXH5GWO2QYZEGHJV","age","6"
"27","3L4D84MIL0VC31PXH5GWO2QYZEGHJV","engagement","5"
"28","3L4D84MIL0VC31PXH5GWO2QYZEGHJV","difficulty","5"
"29","3OVR4I9USQMZDC5FXOGMRETG842Q4P","gender","no"
"30","3OVR4I9USQMZDC5FXOGMRETG842Q4P","age","13"
"31","3OVR4I9USQMZDC5FXOGMRETG842Q4P","engagement","4"
"32","3OVR4I9USQMZDC5FXOGMRETG842Q4P","difficulty","3"
"33","38BQUHLA9X3CWQH5OFOCA7IP7L3OMT","gender","male"
"34","38BQUHLA9X3CWQH5OFOCA7IP7L3OMT","age","31"
"35","38BQUHLA9X3CWQH5OFOCA7IP7L3OMT","engagement","6"
"36","38BQUHLA9X3CWQH5OFOCA7IP7L3OMT","difficulty","4"
"37","3PB5A5BD0W95JATKWQ9FMGCXLUT7GU","gender","Male"
"38","3PB5A5BD0W95JATKWQ9FMGCXLUT7GU","age","25"
"39","3PB5A5BD0W95JATKWQ9FMGCXLUT7GU","engagement","8"
"40","3PB5A5BD0W95JATKWQ9FMGCXLUT7GU","difficulty","1"
"41","33IZTU6J8242OU82937WJP5FJNBXSJ","gender","female"
"42","33IZTU6J8242OU82937WJP5FJNBXSJ","age","0"
"43","33IZTU6J8242OU82937WJP5FJNBXSJ","engagement","5"
"44","33IZTU6J8242OU82937WJP5FJNBXSJ","difficulty","5"
"45","debug1XD0RB","gender","female"
"46","debug1XD0RB","age","35"
"47","debug1XD0RB","engagement","3"
"48","debug1XD0RB","difficulty","6"
"49","37M28K1J0RGXTEHJBZ647G3UMJQJAM","gender","female"
"50","37M28K1J0RGXTEHJBZ647G3UMJQJAM","age","54"
"51","37M28K1J0RGXTEHJBZ647G3UMJQJAM","engagement","5"
"52","37M28K1J0RGXTEHJBZ647G3UMJQJAM","difficulty","5"
"53","3180JW2OT5F0N852G3FNZ5N8U5P5J2","gender","male"
"54","3180JW2OT5F0N852G3FNZ5N8U5P5J2","age","5"
"55","3180JW2OT5F0N852G3FNZ5N8U5P5J2","engagement","5"
"56","3180JW2OT5F0N852G3FNZ5N8U5P5J2","difficulty","5"
"57","351SEKWQS1KLSTQGY6AYD93HBGIDMM","gender","female"
"58","351SEKWQS1KLSTQGY6AYD93HBGIDMM","age","17"
"59","351SEKWQS1KLSTQGY6AYD93HBGIDMM","engagement","5"
"60","351SEKWQS1KLSTQGY6AYD93HBGIDMM","difficulty","5"
"61","3JWH6J9I9TGYVEDWWBYSVY4HDLGNBP","gender","male"
"62","3JWH6J9I9TGYVEDWWBYSVY4HDLGNBP","age","43"
"63","3JWH6J9I9TGYVEDWWBYSVY4HDLGNBP","engagement","5"
"64","3JWH6J9I9TGYVEDWWBYSVY4HDLGNBP","difficulty","5"
"65","3OJSZ2ATDTZ73D40FUQOIJL8UWC57S","gender","female"
"66","3OJSZ2ATDTZ73D40FUQOIJL8UWC57S","age","47"
"67","3OJSZ2ATDTZ73D40FUQOIJL8UWC57S","engagement","10"
"68","3OJSZ2ATDTZ73D40FUQOIJL8UWC57S","difficulty","5"
"69","3KGTPGBS6YOH2RX9AJH1U4WGIXJ2UR","gender","female"
"70","3KGTPGBS6YOH2RX9AJH1U4WGIXJ2UR","age","50"
"71","3KGTPGBS6YOH2RX9AJH1U4WGIXJ2UR","engagement","9"
"72","3KGTPGBS6YOH2RX9AJH1U4WGIXJ2UR","difficulty","5"
"73","debug5THR0X","gender","22"
"74","debug5THR0X","age","22"
"75","debug5THR0X","engagement","5"
"76","debug5THR0X","difficulty","5"
"77","3FFJ6VRIL2R5XQZV1FO9SDFQSUCI0W","gender","male"
"78","3FFJ6VRIL2R5XQZV1FO9SDFQSUCI0W","age","70"
"79","3FFJ6VRIL2R5XQZV1FO9SDFQSUCI0W","engagement","6"
"80","3FFJ6VRIL2R5XQZV1FO9SDFQSUCI0W","difficulty","4"
"81","3XUHV3NRVL14W2ACS3C09WA294ZH58","gender","Male"
"82","3XUHV3NRVL14W2ACS3C09WA294ZH58","age","20"
"83","3XUHV3NRVL14W2ACS3C09WA294ZH58","engagement","6"
"84","3XUHV3NRVL14W2ACS3C09WA294ZH58","difficulty","8"
"85","3II4UPYCOKACD8O8QZHDGMQVDS9DQS","gender","male"
"86","3II4UPYCOKACD8O8QZHDGMQVDS9DQS","age","30"
"87","3II4UPYCOKACD8O8QZHDGMQVDS9DQS","engagement","9"
"88","3II4UPYCOKACD8O8QZHDGMQVDS9DQS","difficulty","4"
"89","3ZV9H2YQQEAJFDIX9JA7V2M5AGX3WK","gender","female"
"90","3ZV9H2YQQEAJFDIX9JA7V2M5AGX3WK","age","59"
"91","3ZV9H2YQQEAJFDIX9JA7V2M5AGX3WK","engagement","7"
"92","3ZV9H2YQQEAJFDIX9JA7V2M5AGX3WK","difficulty","5"
"93","3WOKGM4L72JFTCAYZA1ECABC42E0OA","gender","female"
"94","3WOKGM4L72JFTCAYZA1ECABC42E0OA","age","37"
"95","3WOKGM4L72JFTCAYZA1ECABC42E0OA","engagement","10"
"96","3WOKGM4L72JFTCAYZA1ECABC42E0OA","difficulty","9"
"97","3SEPORI8WO2NTTMNTL9OHEUTX8HZAM","gender","male"
"98","3SEPORI8WO2NTTMNTL9OHEUTX8HZAM","age","35"
"99","3SEPORI8WO2NTTMNTL9OHEUTX8HZAM","engagement","9"
"100","3SEPORI8WO2NTTMNTL9OHEUTX8HZAM","difficulty","4"
"101","3IXEICO793MQKF1LXG3UFLRQGDL6T7","gender","genderfluid"
"102","3IXEICO793MQKF1LXG3UFLRQGDL6T7","age","33"
"103","3IXEICO793MQKF1LXG3UFLRQGDL6T7","engagement","7"
"104","3IXEICO793MQKF1LXG3UFLRQGDL6T7","difficulty","6"
"105","3UNH76FOCT8OQ4L7U2XACYGRKQAYMB","gender","female"
"106","3UNH76FOCT8OQ4L7U2XACYGRKQAYMB","age","55"
"107","3UNH76FOCT8OQ4L7U2XACYGRKQAYMB","engagement","8"
"108","3UNH76FOCT8OQ4L7U2XACYGRKQAYMB","difficulty","3"
"109","3P59JYT76MN22EIKAERRP8AEZJBT2Q","gender","female"
"110","3P59JYT76MN22EIKAERRP8AEZJBT2Q","age","46"
"111","3P59JYT76MN22EIKAERRP8AEZJBT2Q","engagement","10"
"112","3P59JYT76MN22EIKAERRP8AEZJBT2Q","difficulty","5"
"113","3PMBY0YE286WGH1891BGALIOI8HC9P","gender","female"
"114","3PMBY0YE286WGH1891BGALIOI8HC9P","age","36"
"115","3PMBY0YE286WGH1891BGALIOI8HC9P","engagement","7"
"116","3PMBY0YE286WGH1891BGALIOI8HC9P","difficulty","3"
"117","3HSYG7LRBK1YGBWN5BJ3OD9CZJ2KKL","gender","male"
"118","3HSYG7LRBK1YGBWN5BJ3OD9CZJ2KKL","age","36"
"119","3HSYG7LRBK1YGBWN5BJ3OD9CZJ2KKL","engagement","8"
"120","3HSYG7LRBK1YGBWN5BJ3OD9CZJ2KKL","difficulty","3"
"121","33L7PJKHCH1DOTK9QV0SZZNHMTWT87","gender","Male"
"122","33L7PJKHCH1DOTK9QV0SZZNHMTWT87","age","27"
"123","33L7PJKHCH1DOTK9QV0SZZNHMTWT87","engagement","9"
"124","33L7PJKHCH1DOTK9QV0SZZNHMTWT87","difficulty","5"
"125","3R0T90IZ1TFBVROGN7HQ224BMQ9GCR","gender","Male"
"126","3R0T90IZ1TFBVROGN7HQ224BMQ9GCR","age","58"
"127","3R0T90IZ1TFBVROGN7HQ224BMQ9GCR","engagement","4"
"128","3R0T90IZ1TFBVROGN7HQ224BMQ9GCR","difficulty","2"
"129","3HVVDCPGTFVS3ZBR3ZYMYCBJF8ZYTQ","gender","female"
"130","3HVVDCPGTFVS3ZBR3ZYMYCBJF8ZYTQ","age","64"
"131","3HVVDCPGTFVS3ZBR3ZYMYCBJF8ZYTQ","engagement","10"
"132","3HVVDCPGTFVS3ZBR3ZYMYCBJF8ZYTQ","difficulty","2"
"133","3L0KT67Y8FJROZYCEZTWO7FXDPLYS1","gender","Male"
"134","3L0KT67Y8FJROZYCEZTWO7FXDPLYS1","age","44"
"135","3L0KT67Y8FJROZYCEZTWO7FXDPLYS1","engagement","9"
"136","3L0KT67Y8FJROZYCEZTWO7FXDPLYS1","difficulty","3"
"137","3L70J4KAZHPKQSHR13KT4I8HHZUDA3","gender","female"
"138","3L70J4KAZHPKQSHR13KT4I8HHZUDA3","age","37"
"139","3L70J4KAZHPKQSHR13KT4I8HHZUDA3","engagement","5"
"140","3L70J4KAZHPKQSHR13KT4I8HHZUDA3","difficulty","5"
"141","30BXRYBRP50Y9LPWO4Z9ZWNFTMWWH3","gender","female"
"142","30BXRYBRP50Y9LPWO4Z9ZWNFTMWWH3","age","26"
"143","30BXRYBRP50Y9LPWO4Z9ZWNFTMWWH3","engagement","9"
"144","30BXRYBRP50Y9LPWO4Z9ZWNFTMWWH3","difficulty","3"
"145","3BDCF01OGYX4KM3MUQWVCL12LB5YLB","gender","Female"
"146","3BDCF01OGYX4KM3MUQWVCL12LB5YLB","age","37"
"147","3BDCF01OGYX4KM3MUQWVCL12LB5YLB","engagement","6"
"148","3BDCF01OGYX4KM3MUQWVCL12LB5YLB","difficulty","7"
"149","3ZR9AIQJUCCBPJ0GGQM5YC57NCW40O","gender","Male"
"150","3ZR9AIQJUCCBPJ0GGQM5YC57NCW40O","age","36"
"151","3ZR9AIQJUCCBPJ0GGQM5YC57NCW40O","engagement","10"
"152","3ZR9AIQJUCCBPJ0GGQM5YC57NCW40O","difficulty","2"
"153","3WAKVUDHUXJOOSUFGVYWQVDOU3PU70","gender","female"
"154","3WAKVUDHUXJOOSUFGVYWQVDOU3PU70","age","23"
"155","3WAKVUDHUXJOOSUFGVYWQVDOU3PU70","engagement","10"
"156","3WAKVUDHUXJOOSUFGVYWQVDOU3PU70","difficulty","0"
"157","3T111IHZ5FT0MJQRRY1BZGHAI9M9RU","gender","female"
"158","3T111IHZ5FT0MJQRRY1BZGHAI9M9RU","age","46"
"159","3T111IHZ5FT0MJQRRY1BZGHAI9M9RU","engagement","10"
"160","3T111IHZ5FT0MJQRRY1BZGHAI9M9RU","difficulty","2"
"161","3S96KQ6I9N7P5OG073B8LR1IXKTTDD","gender","male"
"162","3S96KQ6I9N7P5OG073B8LR1IXKTTDD","age","40"
"163","3S96KQ6I9N7P5OG073B8LR1IXKTTDD","engagement","10"
"164","3S96KQ6I9N7P5OG073B8LR1IXKTTDD","difficulty","7"
"165","39OWYR0EPLUIKUTQ8FTZV4T9W3IFYV","gender","male"
"166","39OWYR0EPLUIKUTQ8FTZV4T9W3IFYV","age","44"
"167","39OWYR0EPLUIKUTQ8FTZV4T9W3IFYV","engagement","5"
"168","39OWYR0EPLUIKUTQ8FTZV4T9W3IFYV","difficulty","5"
"169","3E7TUJ2EGDP6L97M9X6RUR063TJ9DI","gender","Female"
"170","3E7TUJ2EGDP6L97M9X6RUR063TJ9DI","age","31"
"171","3E7TUJ2EGDP6L97M9X6RUR063TJ9DI","engagement","10"
"172","3E7TUJ2EGDP6L97M9X6RUR063TJ9DI","difficulty","0"
"173","3C6FJU71TRW73CQG34OW38XLY2YYU5","gender","Male"
"174","3C6FJU71TRW73CQG34OW38XLY2YYU5","age","30"
"175","3C6FJU71TRW73CQG34OW38XLY2YYU5","engagement","5"
"176","3C6FJU71TRW73CQG34OW38XLY2YYU5","difficulty","2"
"177","3IXEICO793MQKF1LXG3UFLRQGEZ6TN","gender","male"
"178","3IXEICO793MQKF1LXG3UFLRQGEZ6TN","age","39"
"179","3IXEICO793MQKF1LXG3UFLRQGEZ6TN","engagement","10"
"180","3IXEICO793MQKF1LXG3UFLRQGEZ6TN","difficulty","3"
"181","3MMN5BL1W07NA1OJ5H4KM4KECUG3MM","gender","male"
"182","3MMN5BL1W07NA1OJ5H4KM4KECUG3MM","age","33"
"183","3MMN5BL1W07NA1OJ5H4KM4KECUG3MM","engagement","7"
"184","3MMN5BL1W07NA1OJ5H4KM4KECUG3MM","difficulty","2"
"185","39LNWE0K4VZLDCBBZM2THK3X838IUV","gender","male"
"186","39LNWE0K4VZLDCBBZM2THK3X838IUV","age","30"
"187","39LNWE0K4VZLDCBBZM2THK3X838IUV","engagement","7"
"188","39LNWE0K4VZLDCBBZM2THK3X838IUV","difficulty","3"
"189","3DL65MZB8EIDBDSPHCR22ZJZ9AUEC8","gender","male"
"190","3DL65MZB8EIDBDSPHCR22ZJZ9AUEC8","age","35"
"191","3DL65MZB8EIDBDSPHCR22ZJZ9AUEC8","engagement","8"
"192","3DL65MZB8EIDBDSPHCR22ZJZ9AUEC8","difficulty","6"
"193","3PWWM24LHT1J4UQW7GGWYCERMGM28R","gender","male"
"194","3PWWM24LHT1J4UQW7GGWYCERMGM28R","age","33"
"195","3PWWM24LHT1J4UQW7GGWYCERMGM28R","engagement","10"
"196","3PWWM24LHT1J4UQW7GGWYCERMGM28R","difficulty","2"
"197","3DHE4R9OCXEYX9WEQESKQPVPAZZ2G7","gender","Male"
"198","3DHE4R9OCXEYX9WEQESKQPVPAZZ2G7","age","44"
"199","3DHE4R9OCXEYX9WEQESKQPVPAZZ2G7","engagement","9"
"200","3DHE4R9OCXEYX9WEQESKQPVPAZZ2G7","difficulty","1"
"201","37ZHEEHM6XP4PYHW1B2V3MNOHPO37I","gender","Female"
"202","37ZHEEHM6XP4PYHW1B2V3MNOHPO37I","age","29"
"203","37ZHEEHM6XP4PYHW1B2V3MNOHPO37I","engagement","4"
"204","37ZHEEHM6XP4PYHW1B2V3MNOHPO37I","difficulty","3"
"205","3BWI6RSP7HC7ZWXTQVJRMDRL8EE7ED","gender","male"
"206","3BWI6RSP7HC7ZWXTQVJRMDRL8EE7ED","age","36"
"207","3BWI6RSP7HC7ZWXTQVJRMDRL8EE7ED","engagement","9"
"208","3BWI6RSP7HC7ZWXTQVJRMDRL8EE7ED","difficulty","5"
"209","3FTF2T8WLSL5UF7DQSBHMFPRA9OW9D","gender","Man"
"210","3FTF2T8WLSL5UF7DQSBHMFPRA9OW9D","age","25"
"211","3FTF2T8WLSL5UF7DQSBHMFPRA9OW9D","engagement","9"
"212","3FTF2T8WLSL5UF7DQSBHMFPRA9OW9D","difficulty","2"
"213","3VSOLARPKCC83H5PG80FHIEUCFC39U","gender","female"
"214","3VSOLARPKCC83H5PG80FHIEUCFC39U","age","49"
"215","3VSOLARPKCC83H5PG80FHIEUCFC39U","engagement","10"
"216","3VSOLARPKCC83H5PG80FHIEUCFC39U","difficulty","4"
"217","3IJXV6UZ1YMTXKJUVS7OC9GD1KWRIO","gender","Female"
"218","3IJXV6UZ1YMTXKJUVS7OC9GD1KWRIO","age","44"
"219","3IJXV6UZ1YMTXKJUVS7OC9GD1KWRIO","engagement","10"
"220","3IJXV6UZ1YMTXKJUVS7OC9GD1KWRIO","difficulty","0"
"221","33OOO72IVIOF0WAM77GX1LJ0CZRTCH","gender","Male"
"222","33OOO72IVIOF0WAM77GX1LJ0CZRTCH","age","35"
"223","33OOO72IVIOF0WAM77GX1LJ0CZRTCH","engagement","8"
"224","33OOO72IVIOF0WAM77GX1LJ0CZRTCH","difficulty","1"
"225","3I0BTBYZAYORNQE05XACE19EICCY0I","gender","Female"
"226","3I0BTBYZAYORNQE05XACE19EICCY0I","age","40"
"227","3I0BTBYZAYORNQE05XACE19EICCY0I","engagement","10"
"228","3I0BTBYZAYORNQE05XACE19EICCY0I","difficulty","5"
"229","3GFK2QRXXAKMTS51N2Y0AZKPOD5W5M","gender","male"
"230","3GFK2QRXXAKMTS51N2Y0AZKPOD5W5M","age","25"
"231","3GFK2QRXXAKMTS51N2Y0AZKPOD5W5M","engagement","10"
"232","3GFK2QRXXAKMTS51N2Y0AZKPOD5W5M","difficulty","4"
"233","392CY0QWG2UMWEHWKGBB4G5395UI4C","gender","Male"
"234","392CY0QWG2UMWEHWKGBB4G5395UI4C","age","22"
"235","392CY0QWG2UMWEHWKGBB4G5395UI4C","engagement","3"
"236","392CY0QWG2UMWEHWKGBB4G5395UI4C","difficulty","2"
"237","39KFRKBFIOYCQ76J7ICN425WG0KOYW","gender","female"
"238","39KFRKBFIOYCQ76J7ICN425WG0KOYW","age","48"
"239","39KFRKBFIOYCQ76J7ICN425WG0KOYW","engagement","10"
"240","39KFRKBFIOYCQ76J7ICN425WG0KOYW","difficulty","2"
"241","39KFRKBFIOYCQ76J7ICN425WGGAYOS","gender","Male"
"242","39KFRKBFIOYCQ76J7ICN425WGGAYOS","age","37"
"243","39KFRKBFIOYCQ76J7ICN425WGGAYOS","engagement","10"
"244","39KFRKBFIOYCQ76J7ICN425WGGAYOS","difficulty","3"
"245","3QHK8ZVMINL87EABKYIB4A310MVLBV","gender","femal"
"246","3QHK8ZVMINL87EABKYIB4A310MVLBV","age","58"
"247","3QHK8ZVMINL87EABKYIB4A310MVLBV","engagement","10"
"248","3QHK8ZVMINL87EABKYIB4A310MVLBV","difficulty","3"
"249","3U4J9857OFE9STL9G4H1L5L05ZC7BO","gender","Female"
"250","3U4J9857OFE9STL9G4H1L5L05ZC7BO","age","61"
"251","3U4J9857OFE9STL9G4H1L5L05ZC7BO","engagement","10"
"252","3U4J9857OFE9STL9G4H1L5L05ZC7BO","difficulty","1"
"253","34HJIJKLP6ZRIK1WJNAUJ5VXH7R4VW","gender","female"
"254","34HJIJKLP6ZRIK1WJNAUJ5VXH7R4VW","age","25"
"255","34HJIJKLP6ZRIK1WJNAUJ5VXH7R4VW","engagement","5"
"256","34HJIJKLP6ZRIK1WJNAUJ5VXH7R4VW","difficulty","3"
"257","3MAOD8E57RD58HGX17Q86ZYIO0AXN5","gender","Male"
"258","3MAOD8E57RD58HGX17Q86ZYIO0AXN5","age","24"
"259","3MAOD8E57RD58HGX17Q86ZYIO0AXN5","engagement","7"
"260","3MAOD8E57RD58HGX17Q86ZYIO0AXN5","difficulty","3"
"261","3TXMY6UCAFR28GIUQ3M2WG8DSSSQC0","gender","Male"
"262","3TXMY6UCAFR28GIUQ3M2WG8DSSSQC0","age","36"
"263","3TXMY6UCAFR28GIUQ3M2WG8DSSSQC0","engagement","7"
"264","3TXMY6UCAFR28GIUQ3M2WG8DSSSQC0","difficulty","4"
"265","3TY7ZAOG5GNW3LPJ1I9L5TU3KX40KQ","gender","female"
"266","3TY7ZAOG5GNW3LPJ1I9L5TU3KX40KQ","age","35"
"267","3TY7ZAOG5GNW3LPJ1I9L5TU3KX40KQ","engagement","10"
"268","3TY7ZAOG5GNW3LPJ1I9L5TU3KX40KQ","difficulty","1"
"269","33L7PJKHCH1DOTK9QV0SZZNHM86T8B","gender","female"
"270","33L7PJKHCH1DOTK9QV0SZZNHM86T8B","age","34"
"271","33L7PJKHCH1DOTK9QV0SZZNHM86T8B","engagement","10"
"272","33L7PJKHCH1DOTK9QV0SZZNHM86T8B","difficulty","2"
"273","3TXD01ZLD5KR55CWEX0PNJTE30I4U7","gender","male"
"274","3TXD01ZLD5KR55CWEX0PNJTE30I4U7","age","28"
"275","3TXD01ZLD5KR55CWEX0PNJTE30I4U7","engagement","6"
"276","3TXD01ZLD5KR55CWEX0PNJTE30I4U7","difficulty","6"
"277","30BUDKLTXEYSCSJA224UOTDPHT8E50","gender","female"
"278","30BUDKLTXEYSCSJA224UOTDPHT8E50","age","65"
"279","30BUDKLTXEYSCSJA224UOTDPHT8E50","engagement","8"
"280","30BUDKLTXEYSCSJA224UOTDPHT8E50","difficulty","3"
"281","3NJM2BJS4X9H84HFQQ7DWBI3NW7PC9","gender","Female"
"282","3NJM2BJS4X9H84HFQQ7DWBI3NW7PC9","age","23"
"283","3NJM2BJS4X9H84HFQQ7DWBI3NW7PC9","engagement","10"
"284","3NJM2BJS4X9H84HFQQ7DWBI3NW7PC9","difficulty","7"
"285","debugIX9A9W","gender","haha"
"286","debugIX9A9W","age","5"
"287","debugIX9A9W","engagement","2"
"288","debugIX9A9W","difficulty","5"
"289","3RWE2M8QWIDXBRAMYV11XLB7ES90NV","gender","Male"
"290","3RWE2M8QWIDXBRAMYV11XLB7ES90NV","age","34"
"291","3RWE2M8QWIDXBRAMYV11XLB7ES90NV","engagement","7"
"292","3RWE2M8QWIDXBRAMYV11XLB7ES90NV","difficulty","2"
"293","3QECW5O0KI4U1B17SXTPNFDQKI75TN","gender","Male"
"294","3QECW5O0KI4U1B17SXTPNFDQKI75TN","age","29"
"295","3QECW5O0KI4U1B17SXTPNFDQKI75TN","engagement","10"
"296","3QECW5O0KI4U1B17SXTPNFDQKI75TN","difficulty","1"
"297","3ZY8KE4ISK6Y7POUHKH7M8W2DZ8VQ4","gender","female"
"298","3ZY8KE4ISK6Y7POUHKH7M8W2DZ8VQ4","age","36"
"299","3ZY8KE4ISK6Y7POUHKH7M8W2DZ8VQ4","engagement","10"
"300","3ZY8KE4ISK6Y7POUHKH7M8W2DZ8VQ4","difficulty","1"
"301","3SPJ0334226YPWFMR5KIW6OAHM0YJ9","gender","Female"
"302","3SPJ0334226YPWFMR5KIW6OAHM0YJ9","age","27"
"303","3SPJ0334226YPWFMR5KIW6OAHM0YJ9","engagement","10"
"304","3SPJ0334226YPWFMR5KIW6OAHM0YJ9","difficulty","6"
"305","31UV0MXWNRF4SXLWYLUL98BH91PI5H","gender","male"
"306","31UV0MXWNRF4SXLWYLUL98BH91PI5H","age","42"
"307","31UV0MXWNRF4SXLWYLUL98BH91PI5H","engagement","10"
"308","31UV0MXWNRF4SXLWYLUL98BH91PI5H","difficulty","5"
"309","39N5ACM9HFQFA6ACE6XMULHVHCM9PW","gender","female"
"310","39N5ACM9HFQFA6ACE6XMULHVHCM9PW","age","32"
"311","39N5ACM9HFQFA6ACE6XMULHVHCM9PW","engagement","5"
"312","39N5ACM9HFQFA6ACE6XMULHVHCM9PW","difficulty","0"
"313","3VNXK88KKDLSFQ780I6L0D6D3JHV9Z","gender","Female"
"314","3VNXK88KKDLSFQ780I6L0D6D3JHV9Z","age","60"
"315","3VNXK88KKDLSFQ780I6L0D6D3JHV9Z","engagement","9"
"316","3VNXK88KKDLSFQ780I6L0D6D3JHV9Z","difficulty","4"
"317","3A1COHJ8NKYNJKTEQ1J3LGKTBYP8HY","gender",NA
"318","3A1COHJ8NKYNJKTEQ1J3LGKTBYP8HY","age","46"
"319","3A1COHJ8NKYNJKTEQ1J3LGKTBYP8HY","engagement","10"
"320","3A1COHJ8NKYNJKTEQ1J3LGKTBYP8HY","difficulty","5"
"321","3WMINLGALC6AL0BD17PG6GT8OUMCAZ","gender","Female"
"322","3WMINLGALC6AL0BD17PG6GT8OUMCAZ","age","32"
"323","3WMINLGALC6AL0BD17PG6GT8OUMCAZ","engagement","10"
"324","3WMINLGALC6AL0BD17PG6GT8OUMCAZ","difficulty","4"
"325","3X65QVEQI1QRHJ2HYYE6FU9JI7VLC2","gender","female"
"326","3X65QVEQI1QRHJ2HYYE6FU9JI7VLC2","age","60"
"327","3X65QVEQI1QRHJ2HYYE6FU9JI7VLC2","engagement","10"
"328","3X65QVEQI1QRHJ2HYYE6FU9JI7VLC2","difficulty","3"
"329","3GLB5JMZFYYL0JUUN3C1M8MT7QLGDR","gender","Female"
"330","3GLB5JMZFYYL0JUUN3C1M8MT7QLGDR","age","34"
"331","3GLB5JMZFYYL0JUUN3C1M8MT7QLGDR","engagement","7"
"332","3GLB5JMZFYYL0JUUN3C1M8MT7QLGDR","difficulty","7"
"333","3LBXNTKX0SYKJFC30X73OY3YJV4X9L","gender","Male"
"334","3LBXNTKX0SYKJFC30X73OY3YJV4X9L","age","38"
"335","3LBXNTKX0SYKJFC30X73OY3YJV4X9L","engagement","7"
"336","3LBXNTKX0SYKJFC30X73OY3YJV4X9L","difficulty","4"
"337","32Z9ZLUT1MNQ4CGUXI8ZI2ATQ46HOP","gender","m"
"338","32Z9ZLUT1MNQ4CGUXI8ZI2ATQ46HOP","age","36"
"339","32Z9ZLUT1MNQ4CGUXI8ZI2ATQ46HOP","engagement","3"
"340","32Z9ZLUT1MNQ4CGUXI8ZI2ATQ46HOP","difficulty","2"
"341","3U4J9857OFE9STL9G4H1L5L052X7BF","gender","Female"
"342","3U4J9857OFE9STL9G4H1L5L052X7BF","age","49"
"343","3U4J9857OFE9STL9G4H1L5L052X7BF","engagement","10"
"344","3U4J9857OFE9STL9G4H1L5L052X7BF","difficulty","6"
"345","3RU7GD8VPPWXFL6BNCXDBGML9KNSP6","gender","male"
"346","3RU7GD8VPPWXFL6BNCXDBGML9KNSP6","age","64"
"347","3RU7GD8VPPWXFL6BNCXDBGML9KNSP6","engagement","8"
"348","3RU7GD8VPPWXFL6BNCXDBGML9KNSP6","difficulty","2"
"349","3300DTYQT3KH5E28MUSXM48GD45QET","gender","Male"
"350","3300DTYQT3KH5E28MUSXM48GD45QET","age","25"
"351","3300DTYQT3KH5E28MUSXM48GD45QET","engagement","1"
"352","3300DTYQT3KH5E28MUSXM48GD45QET","difficulty","0"
"353","30JNVC0ORANTPOTACV03775T5KXQH9","gender","male"
"354","30JNVC0ORANTPOTACV03775T5KXQH9","age","34"
"355","30JNVC0ORANTPOTACV03775T5KXQH9","engagement","9"
"356","30JNVC0ORANTPOTACV03775T5KXQH9","difficulty","3"
"357","35DR22AR5ENY4DNNJO6TXL0CJJL3XX","gender","Female"
"358","35DR22AR5ENY4DNNJO6TXL0CJJL3XX","age","36"
"359","35DR22AR5ENY4DNNJO6TXL0CJJL3XX","engagement","10"
"360","35DR22AR5ENY4DNNJO6TXL0CJJL3XX","difficulty","0"
"361","32M8BPYGAUP28UAGFHDCD526ZVTGIT","gender","Female"
"362","32M8BPYGAUP28UAGFHDCD526ZVTGIT","age","66"
"363","32M8BPYGAUP28UAGFHDCD526ZVTGIT","engagement","9"
"364","32M8BPYGAUP28UAGFHDCD526ZVTGIT","difficulty","7"
"365","3WS1NTTKEZFLNZX507IOPG2YCL20F7","gender","Female"
"366","3WS1NTTKEZFLNZX507IOPG2YCL20F7","age","47"
"367","3WS1NTTKEZFLNZX507IOPG2YCL20F7","engagement","9"
"368","3WS1NTTKEZFLNZX507IOPG2YCL20F7","difficulty","1"
"369","3ATTHHXXWBRDUG564RDG1R212LPIXN","gender","Non Binary"
"370","3ATTHHXXWBRDUG564RDG1R212LPIXN","age","27"
"371","3ATTHHXXWBRDUG564RDG1R212LPIXN","engagement","5"
"372","3ATTHHXXWBRDUG564RDG1R212LPIXN","difficulty","3"
"373","3IGI0VL648NIE8250G3CNM7PCVQNO9","gender","Female"
"374","3IGI0VL648NIE8250G3CNM7PCVQNO9","age","50"
"375","3IGI0VL648NIE8250G3CNM7PCVQNO9","engagement","8"
"376","3IGI0VL648NIE8250G3CNM7PCVQNO9","difficulty","7"
"377","3TYCR1GOTDM4PCDRQCYEQSA4R4UZLM","gender","male"
"378","3TYCR1GOTDM4PCDRQCYEQSA4R4UZLM","age","27"
"379","3TYCR1GOTDM4PCDRQCYEQSA4R4UZLM","engagement","8"
"380","3TYCR1GOTDM4PCDRQCYEQSA4R4UZLM","difficulty","0"
"381","30MVJZJNHNGJOV7EJTS2XPVJ8DI9JY","gender","Male"
"382","30MVJZJNHNGJOV7EJTS2XPVJ8DI9JY","age","35"
"383","30MVJZJNHNGJOV7EJTS2XPVJ8DI9JY","engagement","8"
"384","30MVJZJNHNGJOV7EJTS2XPVJ8DI9JY","difficulty","6"
"385","3JBT3HLQF95UGXSPI4RL79JOWEVPZA","gender","male"
"386","3JBT3HLQF95UGXSPI4RL79JOWEVPZA","age","31"
"387","3JBT3HLQF95UGXSPI4RL79JOWEVPZA","engagement","0"
"388","3JBT3HLQF95UGXSPI4RL79JOWEVPZA","difficulty","3"
"389","3ZV9H2YQQEAJFDIX9JA7V2M5A1MW38","gender","Female"
"390","3ZV9H2YQQEAJFDIX9JA7V2M5A1MW38","age","52"
"391","3ZV9H2YQQEAJFDIX9JA7V2M5A1MW38","engagement","10"
"392","3ZV9H2YQQEAJFDIX9JA7V2M5A1MW38","difficulty","0"
"393","3VAR3R6G1Q4XB1F1UEET5PHUNLFO8G","gender","male"
"394","3VAR3R6G1Q4XB1F1UEET5PHUNLFO8G","age","29"
"395","3VAR3R6G1Q4XB1F1UEET5PHUNLFO8G","engagement","6"
"396","3VAR3R6G1Q4XB1F1UEET5PHUNLFO8G","difficulty","4"
"397","38YMOXR4MV2ICW5FSL8525YPKSOW6E","gender","Male"
"398","38YMOXR4MV2ICW5FSL8525YPKSOW6E","age","31"
"399","38YMOXR4MV2ICW5FSL8525YPKSOW6E","engagement","6"
"400","38YMOXR4MV2ICW5FSL8525YPKSOW6E","difficulty","7"
"401","3ON104KXQLZ4X9119XFQ57EBOGSW4X","gender","female"
"402","3ON104KXQLZ4X9119XFQ57EBOGSW4X","age","56"
"403","3ON104KXQLZ4X9119XFQ57EBOGSW4X","engagement","6"
"404","3ON104KXQLZ4X9119XFQ57EBOGSW4X","difficulty","2"
"405","3S96KQ6I9N7P5OG073B8LR1IXZ8DT6","gender","m"
"406","3S96KQ6I9N7P5OG073B8LR1IXZ8DT6","age","34"
"407","3S96KQ6I9N7P5OG073B8LR1IXZ8DT6","engagement","3"
"408","3S96KQ6I9N7P5OG073B8LR1IXZ8DT6","difficulty","10"
"409","3CN4LGXD5YR8MEW1OYXEQ4ZRZOT4Y5","gender","male"
"410","3CN4LGXD5YR8MEW1OYXEQ4ZRZOT4Y5","age","25"
"411","3CN4LGXD5YR8MEW1OYXEQ4ZRZOT4Y5","engagement","7"
"412","3CN4LGXD5YR8MEW1OYXEQ4ZRZOT4Y5","difficulty","3"
"413","32SCWG5HII7SSN8EGZUAABQTRBG6PK","gender","Male"
"414","32SCWG5HII7SSN8EGZUAABQTRBG6PK","age","28"
"415","32SCWG5HII7SSN8EGZUAABQTRBG6PK","engagement","7"
"416","32SCWG5HII7SSN8EGZUAABQTRBG6PK","difficulty","5"
"417","3NVC2EB65R2N4IDXOKSVGZ7LLO13YN","gender","female"
"418","3NVC2EB65R2N4IDXOKSVGZ7LLO13YN","age","39"
"419","3NVC2EB65R2N4IDXOKSVGZ7LLO13YN","engagement","10"
"420","3NVC2EB65R2N4IDXOKSVGZ7LLO13YN","difficulty","5"
"421","32VNZTT0A87ZPDKFA35KI86UWM3R4L","gender","m"
"422","32VNZTT0A87ZPDKFA35KI86UWM3R4L","age","38"
"423","32VNZTT0A87ZPDKFA35KI86UWM3R4L","engagement","0"
"424","32VNZTT0A87ZPDKFA35KI86UWM3R4L","difficulty","0"
"425","3YMU66OBIOB2CZZW9ZVRDT1RZIEGH0","gender","Female"
"426","3YMU66OBIOB2CZZW9ZVRDT1RZIEGH0","age","34"
"427","3YMU66OBIOB2CZZW9ZVRDT1RZIEGH0","engagement","8"
"428","3YMU66OBIOB2CZZW9ZVRDT1RZIEGH0","difficulty","5"
"429","debug1S5MBT","gender","n"
"430","debug1S5MBT","age","8"
"431","debug1S5MBT","engagement","5"
"432","debug1S5MBT","difficulty","5"
"433","3TMSXRD2X73N5A4IMFWO7978CH8W1G","gender","FEMALE"
"434","3TMSXRD2X73N5A4IMFWO7978CH8W1G","age","22"
"435","3TMSXRD2X73N5A4IMFWO7978CH8W1G","engagement","10"
"436","3TMSXRD2X73N5A4IMFWO7978CH8W1G","difficulty","0"
"437","37UQDCYH6YYO17JFLL81MHF78A27V6","gender","male"
"438","37UQDCYH6YYO17JFLL81MHF78A27V6","age","39"
"439","37UQDCYH6YYO17JFLL81MHF78A27V6","engagement","9"
"440","37UQDCYH6YYO17JFLL81MHF78A27V6","difficulty","1"
"441","35L9RVQFCPLLHH0RT4K8H82I854HU6","gender","Male"
"442","35L9RVQFCPLLHH0RT4K8H82I854HU6","age","31"
"443","35L9RVQFCPLLHH0RT4K8H82I854HU6","engagement","7"
"444","35L9RVQFCPLLHH0RT4K8H82I854HU6","difficulty","6"
"445","3HYA4D452SMSJ90JFUM284VD9Z9F2P","gender","male"
"446","3HYA4D452SMSJ90JFUM284VD9Z9F2P","age","26"
"447","3HYA4D452SMSJ90JFUM284VD9Z9F2P","engagement","5"
"448","3HYA4D452SMSJ90JFUM284VD9Z9F2P","difficulty","5"
"449","3LYA37P8IRQXN8STZY6APAQMB2LKBI","gender","female"
"450","3LYA37P8IRQXN8STZY6APAQMB2LKBI","age","52"
"451","3LYA37P8IRQXN8STZY6APAQMB2LKBI","engagement","10"
"452","3LYA37P8IRQXN8STZY6APAQMB2LKBI","difficulty","0"
"453","3DIP6YHAPDVBZA2C00BX0DNGJJ9E82","gender","Male"
"454","3DIP6YHAPDVBZA2C00BX0DNGJJ9E82","age","42"
"455","3DIP6YHAPDVBZA2C00BX0DNGJJ9E82","engagement","8"
"456","3DIP6YHAPDVBZA2C00BX0DNGJJ9E82","difficulty","4"
"457","3OVHNO1VE74LR0PZDV0Q7F2ZIGIDZG","gender","female"
"458","3OVHNO1VE74LR0PZDV0Q7F2ZIGIDZG","age","35"
"459","3OVHNO1VE74LR0PZDV0Q7F2ZIGIDZG","engagement","8"
"460","3OVHNO1VE74LR0PZDV0Q7F2ZIGIDZG","difficulty","3"
"461","3WSELTNVR45R7HDONTK6VQTCCHWTAB","gender","male"
"462","3WSELTNVR45R7HDONTK6VQTCCHWTAB","age","42"
"463","3WSELTNVR45R7HDONTK6VQTCCHWTAB","engagement","8"
"464","3WSELTNVR45R7HDONTK6VQTCCHWTAB","difficulty","2"
"465","3EA3QWIZ4JY6DZWMZHCJCOHVPP1TIF","gender","male"
"466","3EA3QWIZ4JY6DZWMZHCJCOHVPP1TIF","age","29"
"467","3EA3QWIZ4JY6DZWMZHCJCOHVPP1TIF","engagement","2"
"468","3EA3QWIZ4JY6DZWMZHCJCOHVPP1TIF","difficulty","2"
"469","34MAJL3QP5Q76BZDZD4O0A3EQN2433","gender","male"
"470","34MAJL3QP5Q76BZDZD4O0A3EQN2433","age","39"
"471","34MAJL3QP5Q76BZDZD4O0A3EQN2433","engagement","10"
"472","34MAJL3QP5Q76BZDZD4O0A3EQN2433","difficulty","3"
"473","3QFUFYSY9ZI2MNF6J85Q1JSBTEV4F2","gender","Male"
"474","3QFUFYSY9ZI2MNF6J85Q1JSBTEV4F2","age","20"
"475","3QFUFYSY9ZI2MNF6J85Q1JSBTEV4F2","engagement","2"
"476","3QFUFYSY9ZI2MNF6J85Q1JSBTEV4F2","difficulty","4"
"477","3E13VNJ1NOY54FKDXYS96IY0XLKI1Z","gender","Female"
"478","3E13VNJ1NOY54FKDXYS96IY0XLKI1Z","age","45"
"479","3E13VNJ1NOY54FKDXYS96IY0XLKI1Z","engagement","7"
"480","3E13VNJ1NOY54FKDXYS96IY0XLKI1Z","difficulty","2"
"481","3M81GAB8A1MJYBQOC3Q7LW2VA7SQBT","gender","female"
"482","3M81GAB8A1MJYBQOC3Q7LW2VA7SQBT","age","43"
"483","3M81GAB8A1MJYBQOC3Q7LW2VA7SQBT","engagement","10"
"484","3M81GAB8A1MJYBQOC3Q7LW2VA7SQBT","difficulty","4"
"485","3U5JL4WY5LCJM96RJ2BC7QSIX3QX4P","gender","female"
"486","3U5JL4WY5LCJM96RJ2BC7QSIX3QX4P","age","59"
"487","3U5JL4WY5LCJM96RJ2BC7QSIX3QX4P","engagement","8"
"488","3U5JL4WY5LCJM96RJ2BC7QSIX3QX4P","difficulty","2"
"489","3HHRAGRYX98XP6YBZ6K75LC57RXO95","gender","female"
"490","3HHRAGRYX98XP6YBZ6K75LC57RXO95","age","31"
"491","3HHRAGRYX98XP6YBZ6K75LC57RXO95","engagement","8"
"492","3HHRAGRYX98XP6YBZ6K75LC57RXO95","difficulty","1"
"493","3UN61F00HXSHLWOFO8OUN0C8WIYR5Q","gender","Female"
"494","3UN61F00HXSHLWOFO8OUN0C8WIYR5Q","age","33"
"495","3UN61F00HXSHLWOFO8OUN0C8WIYR5Q","engagement","8"
"496","3UN61F00HXSHLWOFO8OUN0C8WIYR5Q","difficulty","7"
"497","3FUI0JHJPY1MOFG9ZZZ5Q5B8CN233D","gender","female"
"498","3FUI0JHJPY1MOFG9ZZZ5Q5B8CN233D","age","44"
"499","3FUI0JHJPY1MOFG9ZZZ5Q5B8CN233D","engagement","10"
"500","3FUI0JHJPY1MOFG9ZZZ5Q5B8CN233D","difficulty","3"
"501","3TDXMTX3CCX0B1LA344Q1EPH5W0I6X","gender","female"
"502","3TDXMTX3CCX0B1LA344Q1EPH5W0I6X","age","51"
"503","3TDXMTX3CCX0B1LA344Q1EPH5W0I6X","engagement","6"
"504","3TDXMTX3CCX0B1LA344Q1EPH5W0I6X","difficulty","4"
"505","3DEL4X4EL7OZKGKB89ZJNFWPSJXXYC","gender","Female"
"506","3DEL4X4EL7OZKGKB89ZJNFWPSJXXYC","age","51"
"507","3DEL4X4EL7OZKGKB89ZJNFWPSJXXYC","engagement","6"
"508","3DEL4X4EL7OZKGKB89ZJNFWPSJXXYC","difficulty","6"
"509","34BBWHLWHBEY5G0GUMHUZ8OUTJJIWU","gender","Male"
"510","34BBWHLWHBEY5G0GUMHUZ8OUTJJIWU","age","26"
"511","34BBWHLWHBEY5G0GUMHUZ8OUTJJIWU","engagement","8"
"512","34BBWHLWHBEY5G0GUMHUZ8OUTJJIWU","difficulty","3"
"513","3R0T90IZ1TFBVROGN7HQ224BMQ9GCR","gender","female"
"514","3R0T90IZ1TFBVROGN7HQ224BMQ9GCR","age","41"
"515","3R0T90IZ1TFBVROGN7HQ224BMQ9GCR","engagement","9"
"516","3R0T90IZ1TFBVROGN7HQ224BMQ9GCR","difficulty","5"
"517","3FTF2T8WLSL5UF7DQSBHMFPRATWW9P","gender","Female"
"518","3FTF2T8WLSL5UF7DQSBHMFPRATWW9P","age","48"
"519","3FTF2T8WLSL5UF7DQSBHMFPRATWW9P","engagement","8"
"520","3FTF2T8WLSL5UF7DQSBHMFPRATWW9P","difficulty","5"
"521","3ATTHHXXWBRDUG564RDG1R212LRXI4","gender","Female"
"522","3ATTHHXXWBRDUG564RDG1R212LRXI4","age","28"
"523","3ATTHHXXWBRDUG564RDG1R212LRXI4","engagement","8"
"524","3ATTHHXXWBRDUG564RDG1R212LRXI4","difficulty","3"
"525","36PW28KO40ZPIYVRXYVBW4TB979EA6","gender","MALE"
"526","36PW28KO40ZPIYVRXYVBW4TB979EA6","age","42"
"527","36PW28KO40ZPIYVRXYVBW4TB979EA6","engagement","10"
"528","36PW28KO40ZPIYVRXYVBW4TB979EA6","difficulty","2"
"529","3PPTZCWALRNFG9T4IH6A7E9Y1V4QZV","gender","Male"
"530","3PPTZCWALRNFG9T4IH6A7E9Y1V4QZV","age","22"
"531","3PPTZCWALRNFG9T4IH6A7E9Y1V4QZV","engagement","10"
"532","3PPTZCWALRNFG9T4IH6A7E9Y1V4QZV","difficulty","2"
"533","3R08VXYT7DY1GWJKBVDX8JYLF38W7D","gender","male"
"534","3R08VXYT7DY1GWJKBVDX8JYLF38W7D","age","38"
"535","3R08VXYT7DY1GWJKBVDX8JYLF38W7D","engagement","9"
"536","3R08VXYT7DY1GWJKBVDX8JYLF38W7D","difficulty","3"
"537","3OE22WJIGJRYUAZUCU72QMUJZDPQU6","gender","female"
"538","3OE22WJIGJRYUAZUCU72QMUJZDPQU6","age","56"
"539","3OE22WJIGJRYUAZUCU72QMUJZDPQU6","engagement","10"
"540","3OE22WJIGJRYUAZUCU72QMUJZDPQU6","difficulty","1"
"541","3D4CH1LGEBW9XTHDBN7Z0C33G56G9A","gender","MALE"
"542","3D4CH1LGEBW9XTHDBN7Z0C33G56G9A","age","59"
"543","3D4CH1LGEBW9XTHDBN7Z0C33G56G9A","engagement","6"
"544","3D4CH1LGEBW9XTHDBN7Z0C33G56G9A","difficulty","3"
"545","3U4J9857OFE9STL9G4H1L5L052X7BF","gender","Female"
"546","3U4J9857OFE9STL9G4H1L5L052X7BF","age","38"
"547","3U4J9857OFE9STL9G4H1L5L052X7BF","engagement","10"
"548","3U4J9857OFE9STL9G4H1L5L052X7BF","difficulty","4"
"549","37UEWGM5HUBIXENWNLMIKAZRK2TR18","gender","Male"
"550","37UEWGM5HUBIXENWNLMIKAZRK2TR18","age","34"
"551","37UEWGM5HUBIXENWNLMIKAZRK2TR18","engagement","7"
"552","37UEWGM5HUBIXENWNLMIKAZRK2TR18","difficulty","5"
"553","3NAPMVF0ZXIF4GLDXBOQKCIWBWG274","gender","Male"
"554","3NAPMVF0ZXIF4GLDXBOQKCIWBWG274","age","33"
"555","3NAPMVF0ZXIF4GLDXBOQKCIWBWG274","engagement","8"
"556","3NAPMVF0ZXIF4GLDXBOQKCIWBWG274","difficulty","3"
"557","3AAPLD8UCDK6H4L2TZUYCCGGQFPHTK","gender","Male"
"558","3AAPLD8UCDK6H4L2TZUYCCGGQFPHTK","age","35"
"559","3AAPLD8UCDK6H4L2TZUYCCGGQFPHTK","engagement","7"
"560","3AAPLD8UCDK6H4L2TZUYCCGGQFPHTK","difficulty","8"
"561","3UNH76FOCT8OQ4L7U2XACYGRL03YMP","gender","Female"
"562","3UNH76FOCT8OQ4L7U2XACYGRL03YMP","age","20"
"563","3UNH76FOCT8OQ4L7U2XACYGRL03YMP","engagement","6"
"564","3UNH76FOCT8OQ4L7U2XACYGRL03YMP","difficulty","6"
"565","3GFK2QRXXAKMTS51N2Y0AZKPOXDW5Y","gender","male"
"566","3GFK2QRXXAKMTS51N2Y0AZKPOXDW5Y","age","58"
"567","3GFK2QRXXAKMTS51N2Y0AZKPOXDW5Y","engagement","8"
"568","3GFK2QRXXAKMTS51N2Y0AZKPOXDW5Y","difficulty","2"
"569","3EO896NRAXY28AGSHZXJOPWV24QTJR","gender","female"
"570","3EO896NRAXY28AGSHZXJOPWV24QTJR","age","40"
"571","3EO896NRAXY28AGSHZXJOPWV24QTJR","engagement","10"
"572","3EO896NRAXY28AGSHZXJOPWV24QTJR","difficulty","4"
"573","3K5TEWLKGWELQR0B4CCYD65GMAHIVK","gender","female"
"574","3K5TEWLKGWELQR0B4CCYD65GMAHIVK","age","47"
"575","3K5TEWLKGWELQR0B4CCYD65GMAHIVK","engagement","6"
"576","3K5TEWLKGWELQR0B4CCYD65GMAHIVK","difficulty","4"
"577","3Z4XG4ZF49UK5ATTV51PO28NZPMX8W","gender","male"
"578","3Z4XG4ZF49UK5ATTV51PO28NZPMX8W","age","46"
"579","3Z4XG4ZF49UK5ATTV51PO28NZPMX8W","engagement","10"
"580","3Z4XG4ZF49UK5ATTV51PO28NZPMX8W","difficulty","0"
"581","3ON104KXQLZ4X9119XFQ57EBO1IW4T","gender","Male"
"582","3ON104KXQLZ4X9119XFQ57EBO1IW4T","age","35"
"583","3ON104KXQLZ4X9119XFQ57EBO1IW4T","engagement","8"
"584","3ON104KXQLZ4X9119XFQ57EBO1IW4T","difficulty","4"
"585","31JLPPHS2VXBA49VIXJXE89J7ZNO3O","gender","Female"
"586","31JLPPHS2VXBA49VIXJXE89J7ZNO3O","age","32"
"587","31JLPPHS2VXBA49VIXJXE89J7ZNO3O","engagement","9"
"588","31JLPPHS2VXBA49VIXJXE89J7ZNO3O","difficulty","3"
"589","3XC1O3LBOTP8304SKK9W449N6TVTLT","gender","Female"
"590","3XC1O3LBOTP8304SKK9W449N6TVTLT","age","48"
"591","3XC1O3LBOTP8304SKK9W449N6TVTLT","engagement","10"
"592","3XC1O3LBOTP8304SKK9W449N6TVTLT","difficulty","2"
"593","3VNL7UK1XGMM38UWY96Y9R439X9TFO","gender","Male"
"594","3VNL7UK1XGMM38UWY96Y9R439X9TFO","age","32"
"595","3VNL7UK1XGMM38UWY96Y9R439X9TFO","engagement","9"
"596","3VNL7UK1XGMM38UWY96Y9R439X9TFO","difficulty","1"
"597","3IXQG4FA2U1D6C92V1FLZ1C60SGB9Q","gender","Male"
"598","3IXQG4FA2U1D6C92V1FLZ1C60SGB9Q","age","58"
"599","3IXQG4FA2U1D6C92V1FLZ1C60SGB9Q","engagement","6"
"600","3IXQG4FA2U1D6C92V1FLZ1C60SGB9Q","difficulty","2"
"601","36WLNQG780DU180J3CV7RFDHRPZBE3","gender","female"
"602","36WLNQG780DU180J3CV7RFDHRPZBE3","age","58"
"603","36WLNQG780DU180J3CV7RFDHRPZBE3","engagement","8"
"604","36WLNQG780DU180J3CV7RFDHRPZBE3","difficulty","1"
"605","3YW4XOSQKROAD6FDRFHNPLMBR1Y1UN","gender","f"
"606","3YW4XOSQKROAD6FDRFHNPLMBR1Y1UN","age","71"
"607","3YW4XOSQKROAD6FDRFHNPLMBR1Y1UN","engagement","3"
"608","3YW4XOSQKROAD6FDRFHNPLMBR1Y1UN","difficulty","4"
"609","3OONKJ5DKDMGDZD8XQY3WR7VVR1BO3","gender","male"
"610","3OONKJ5DKDMGDZD8XQY3WR7VVR1BO3","age","48"
"611","3OONKJ5DKDMGDZD8XQY3WR7VVR1BO3","engagement","5"
"612","3OONKJ5DKDMGDZD8XQY3WR7VVR1BO3","difficulty","3"
"613","3TPZPLC3M1FTV4LWXXWC38E9H4LP38","gender","Female"
"614","3TPZPLC3M1FTV4LWXXWC38E9H4LP38","age","68"
"615","3TPZPLC3M1FTV4LWXXWC38E9H4LP38","engagement","10"
"616","3TPZPLC3M1FTV4LWXXWC38E9H4LP38","difficulty","4"
"617","3JAOYWH7VJ7PJLVEME4FD48BCMSL9L","gender","Male"
"618","3JAOYWH7VJ7PJLVEME4FD48BCMSL9L","age","26"
"619","3JAOYWH7VJ7PJLVEME4FD48BCMSL9L","engagement","10"
"620","3JAOYWH7VJ7PJLVEME4FD48BCMSL9L","difficulty","5"
"621","3F6HPJW4JE3UUVME5JW2CSHD4NMW2X","gender","Male"
"622","3F6HPJW4JE3UUVME5JW2CSHD4NMW2X","age","40"
"623","3F6HPJW4JE3UUVME5JW2CSHD4NMW2X","engagement","7"
"624","3F6HPJW4JE3UUVME5JW2CSHD4NMW2X","difficulty","4"
"625","32EYX73OY1CY6BEUP9W2VC4OVZTURD","gender","male"
"626","32EYX73OY1CY6BEUP9W2VC4OVZTURD","age","51"
"627","32EYX73OY1CY6BEUP9W2VC4OVZTURD","engagement","5"
"628","32EYX73OY1CY6BEUP9W2VC4OVZTURD","difficulty","4"
